<?xml version="1.0" encoding="utf-8"?>
<!--
- phpMyAdmin XML Dump
- version 5.0.1
- https://www.phpmyadmin.net
-
- Servidor: 127.0.0.1
- Tiempo de generación: 11-06-2021 a las 05:42:24
- Versión del servidor: 10.4.11-MariaDB
- Versión de PHP: 7.4.3
-->

<pma_xml_export version="1.0" xmlns:pma="https://www.phpmyadmin.net/some_doc_url/">
    <!--
    - Structure schemas
    -->
    <pma:structure_schemas>
        <pma:database name="blue store" collation="utf8mb4_general_ci" charset="utf8mb4">
            <pma:table name="inventario">
                CREATE TABLE `inventario` (
                  `id` int(11) NOT NULL,
                  `marca` varchar(25) NOT NULL,
                  `descripcion` varchar(25) NOT NULL,
                  `color` varchar(25) NOT NULL,
                  `precio` int(11) NOT NULL
                ) ENGINE=InnoDB DEFAULT CHARSET=utf8mb4;
            </pma:table>
        </pma:database>
    </pma:structure_schemas>

    <!--
    - Base de datos: 'blue store'
    -->
    <database name="blue store">
        <!-- Tabla inventario -->
        <table name="inventario">
            <column name="id">1273</column>
            <column name="marca">GOOD YEAR</column>
            <column name="descripcion">SACO</column>
            <column name="color">MOSTAZA</column>
            <column name="precio">980</column>
        </table>
        <table name="inventario">
            <column name="id">1274</column>
            <column name="marca">PINK</column>
            <column name="descripcion">ABRIGO</column>
            <column name="color">HUESO</column>
            <column name="precio">780</column>
        </table>
        <table name="inventario">
            <column name="id">1275</column>
            <column name="marca">FOREVER 21</column>
            <column name="descripcion">VESTIDO</column>
            <column name="color">CANELA</column>
            <column name="precio">750</column>
        </table>
        <table name="inventario">
            <column name="id">1276</column>
            <column name="marca">CKLASS</column>
            <column name="descripcion">CHAMARRA</column>
            <column name="color">ARENA</column>
            <column name="precio">380</column>
        </table>
        <table name="inventario">
            <column name="id">1277</column>
            <column name="marca">NIKE</column>
            <column name="descripcion">SUDADERA</column>
            <column name="color">GRIS</column>
            <column name="precio">1300</column>
        </table>
        <table name="inventario">
            <column name="id">1278</column>
            <column name="marca">AEROPOSTALE</column>
            <column name="descripcion">PLAYERA</column>
            <column name="color">MAGENTA</column>
            <column name="precio">600</column>
        </table>
        <table name="inventario">
            <column name="id">1279</column>
            <column name="marca">PUMA</column>
            <column name="descripcion">PANS</column>
            <column name="color">AZUL</column>
            <column name="precio">1150</column>
        </table>
        <table name="inventario">
            <column name="id">1280</column>
            <column name="marca">SKECHERS</column>
            <column name="descripcion">SUDADERA</column>
            <column name="color">ROSA</column>
            <column name="precio">960</column>
        </table>
        <table name="inventario">
            <column name="id">1281</column>
            <column name="marca">ZARA</column>
            <column name="descripcion">CAMISA</column>
            <column name="color">CARMIN</column>
            <column name="precio">1200</column>
        </table>
        <table name="inventario">
            <column name="id">1282</column>
            <column name="marca">ANDREA</column>
            <column name="descripcion">PANTALON</column>
            <column name="color">BLANCO</column>
            <column name="precio">530</column>
        </table>
        <table name="inventario">
            <column name="id">1283</column>
            <column name="marca">GAP</column>
            <column name="descripcion">FALDA</column>
            <column name="color">AMARILLO</column>
            <column name="precio">560</column>
        </table>
        <table name="inventario">
            <column name="id">1284</column>
            <column name="marca">NIKE</column>
            <column name="descripcion">SUETER</column>
            <column name="color">CAFÉ</column>
            <column name="precio">760</column>
        </table>
        <table name="inventario">
            <column name="id">1285</column>
            <column name="marca">LEVIS</column>
            <column name="descripcion">PANTALON</column>
            <column name="color">NEGRO</column>
            <column name="precio">100</column>
        </table>
        <table name="inventario">
            <column name="id">1286</column>
            <column name="marca">LEE</column>
            <column name="descripcion">CHAMARRA</column>
            <column name="color">MORADO</column>
            <column name="precio">1300</column>
        </table>
        <table name="inventario">
            <column name="id">1287</column>
            <column name="marca">UNDER ARMOUR</column>
            <column name="descripcion">SUDADERA</column>
            <column name="color">MENTA</column>
            <column name="precio">1500</column>
        </table>
        <table name="inventario">
            <column name="id">1288</column>
            <column name="marca">GAP</column>
            <column name="descripcion">SUDADERA</column>
            <column name="color">VINO</column>
            <column name="precio">1580</column>
        </table>
        <table name="inventario">
            <column name="id">1289</column>
            <column name="marca">VANS</column>
            <column name="descripcion">PANTALON</column>
            <column name="color">AZUL</column>
            <column name="precio">1200</column>
        </table>
        <table name="inventario">
            <column name="id">1290</column>
            <column name="marca">THE NORTH FACE</column>
            <column name="descripcion">PLAYERA</column>
            <column name="color">MARINO</column>
            <column name="precio">1099</column>
        </table>
        <table name="inventario">
            <column name="id">1291</column>
            <column name="marca">FIRIRI</column>
            <column name="descripcion">VESTIDO</column>
            <column name="color">VERDE</column>
            <column name="precio">430</column>
        </table>
        <table name="inventario">
            <column name="id">1292</column>
            <column name="marca">LATITUDE</column>
            <column name="descripcion">JOGGER</column>
            <column name="color">OLIVO</column>
            <column name="precio">560</column>
        </table>
        <table name="inventario">
            <column name="id">1293</column>
            <column name="marca">SLOWERS</column>
            <column name="descripcion">SHORT</column>
            <column name="color">CAFÉ</column>
            <column name="precio">350</column>
        </table>
        <table name="inventario">
            <column name="id">1294</column>
            <column name="marca">MURIEL</column>
            <column name="descripcion">VESTIDO</column>
            <column name="color">NEGRO</column>
            <column name="precio">480</column>
        </table>
        <table name="inventario">
            <column name="id">1295</column>
            <column name="marca">CITRICO</column>
            <column name="descripcion">FALDA</column>
            <column name="color">ROJO</column>
            <column name="precio">150</column>
        </table>
        <table name="inventario">
            <column name="id">1296</column>
            <column name="marca">TAZIA</column>
            <column name="descripcion">JUMPSUIT</column>
            <column name="color">CHOCOLATE</column>
            <column name="precio">650</column>
        </table>
        <table name="inventario">
            <column name="id">1297</column>
            <column name="marca">LACOSTE</column>
            <column name="descripcion">CAMISA</column>
            <column name="color">BEIGE</column>
            <column name="precio">0</column>
        </table>
    </database>
</pma_xml_export>